Date,AMZN,BTC,NFLX
2013-05-01,248.229996,106.25,30.415714
2013-05-02,252.550003,98.099998,30.641428
2013-05-03,258.049988,112.900002,30.492857
2013-05-06,255.720001,109.599998,30.098572
2013-05-07,257.730011,113.199997,29.464285
2013-05-08,258.679993,112.800003,29.801428
2013-05-09,260.160004,117.699997,30.915714
2013-05-10,263.630005,115.639999,31.098572
2013-05-13,264.51001,111.400002,32.76857
2013-05-14,268.329987,114.220001,33.424286
2013-05-15,266.559998,118.209999,34.771427
2013-05-16,264.119995,123.5,33.861427
2013-05-17,269.899994,123.209999,34.142857
2013-05-20,267.630005,122.889999,34.221428
2013-05-21,268.859985,123.800003,33.869999
2013-05-22,262.959991,126.300003,32.651428
2013-05-23,261.799988,133.100006,32.311428
2013-05-24,261.73999,131.990005,32.677143
2013-05-28,267.290009,132.25,30.598572
2013-05-29,265.529999,128.800003,30.762857
2013-05-30,266.829987,128.820007,31.808571
2013-05-31,269.200012,129.300003,32.32143
2013-06-03,266.880005,121.400002,31.709999
2013-06-04,265.700012,121.900002,32.187141
2013-06-05,267.170013,118.970001,31.922857
2013-06-06,267.829987,111,31.105715
2013-06-07,276.869995,107.889999,31.459999
2013-06-10,281.070007,109,31.561428
2013-06-11,274.779999,108.779999,30.637142
2013-06-12,271.670013,103.949997,29.662857
2013-06-13,275.790009,100,30.77
2013-06-14,273.98999,99.800003,30.57
2013-06-17,278.059998,107.349998,32.747143
2013-06-18,281.76001,108.25,32.689999
2013-06-19,278.160004,111.290001,33.187141
2013-06-20,273.440002,109.5,31.931429
2013-06-21,273.359985,108.199997,30.985714
2013-06-24,270.609985,103.330002,30.799999
2013-06-25,272.089996,104,30.414286
2013-06-26,277.570007,101.739998,30.299999
2013-06-27,277.549988,94.660004,30.709999
2013-06-28,277.690002,95,30.155714
2013-07-01,282.100006,90.410004,32.040001
2013-07-02,283.730011,78.889999,31.637142
2013-07-03,284.029999,80.040001,31.558571
2013-07-05,285.880005,69.660004,32.157143
2013-07-08,290.589996,76.699997,33.299999
2013-07-09,291.529999,88,35.34
2013-07-10,292.329987,88.980003,34.831429
2013-07-11,299.660004,93.989998,34.881428
2013-07-12,307.549988,98.32,36.751427
2013-07-15,306.570007,97.099998,36.854286
2013-07-16,306.869995,98.5,37.21143
2013-07-17,308.690002,90.07,38.274284
2013-07-18,304.109985,92,38.058571
2013-07-19,305.230011,89.82,37.797142
2013-07-22,303.480011,95.559998,37.422855
2013-07-23,301.059998,95.089996,35.751427
2013-07-24,298.940002,96.949997,34.471428
2013-07-25,303.399994,96.019997,35.248573
2013-07-26,312.01001,94.400002,35.187141
2013-07-29,306.100006,107.959999,34.994286
2013-07-30,302.410004,106.209999,34.822857
2013-07-31,301.220001,104,34.925713
2013-08-01,305.570007,104.5,35.58857
2013-08-02,304.209991,104.949997,35.168571
2013-08-05,300.98999,106.559998,36.262856
2013-08-06,300.75,105.989998,36.557144
2013-08-07,296.910004,103.050003,35.601429
2013-08-08,295.73999,102.800003,35.771427
2013-08-09,297.26001,103,36.107143
2013-08-12,296.690002,109.599998,36.657143
2013-08-13,293.970001,112.559998,37.027142
2013-08-14,291.339996,109.989998,37.401428
2013-08-15,286.470001,108.989998,36.201427
2013-08-16,284.820007,112.75,36.98143
2013-08-19,285.570007,121.199997,37.111427
2013-08-20,287.089996,123.300003,39.041428
2013-08-21,284.570007,122,38.624287
2013-08-22,289.730011,118.510002,38.535713
2013-08-23,290.01001,119.599998,39.765713
2013-08-26,286.209991,131.289993,40.388573
2013-08-27,280.929993,128.759995,39.434284
2013-08-28,281.579987,129.300003,40.48
2013-08-29,283.980011,138.029999,41.121429
2013-08-30,280.980011,141,40.558571
2013-09-03,288.799988,132.509995,41.285713
2013-09-04,293.640015,130.199997,41.775715
2013-09-05,294.100006,121.900002,42.158573
2013-09-06,295.859985,128.990005,41.648571
2013-09-09,299.709991,132.619995,42.021427
2013-09-10,300.359985,142.100006,44.722858
2013-09-11,299.640015,139.350006,44.042858
2013-09-12,298.859985,140.660004,43.058571
2013-09-13,297.920013,136.710007,43.664288
2013-09-16,296.059998,139.149994,43.165714
2013-09-17,304.170013,140.410004,42.792858
2013-09-18,312.029999,135.050003,43.845715
2013-09-19,312.059998,133.809998,43.642857
2013-09-20,316.339996,134.380005,44.832859
2013-09-23,311.48999,134.779999,43.148571
2013-09-24,314.130005,135,43.784286
2013-09-25,312.649994,137.100006,43.877144
2013-09-26,318.119995,138.929993,44.787144
2013-09-27,316.01001,142.5,44.628571
2013-09-30,312.640015,140.300003,44.172855
2013-10-01,320.950012,123,46.374287
2013-10-02,320.51001,130.990005,47.247143
2013-10-03,314.76001,136.820007,45.959999
2013-10-04,319.040009,136.699997,46.751427
2013-10-07,310.029999,136.490005,45.451427
2013-10-08,303.230011,139.5,43.188572
2013-10-09,298.230011,140.410004,41.204285
2013-10-10,305.170013,140.100006,43.427143
2013-10-11,310.890015,142.889999,42.978573
2013-10-14,310.700012,158.089996,46.337143
2013-10-15,306.399994,152.820007,45.955715
2013-10-16,310.48999,157.589996,46.125713
2013-10-17,310.769989,168.279999,47.157143
2013-10-18,328.929993,183.149994,47.642857
2013-10-21,326.440002,202.990005,50.712856
2013-10-22,332.540009,227.970001,46.074287
2013-10-23,326.76001,206.979996,47.177143
2013-10-24,332.209991,197.880005,47.317142
2013-10-25,363.390015,188.559998,46.861427
2013-10-28,358.160004,206.899994,44.857143
2013-10-29,362.700012,216,46.757141
2013-10-30,361.079987,208,45.44857
2013-10-31,364.029999,211.169998,46.068573
2013-11-01,359,213.429993,47.03857
2013-11-04,358.73999,238.160004,48.228573
2013-11-05,358.890015,251.300003,48.785713
2013-11-06,356.179993,264.100006,47.947144
2013-11-07,343.559998,309.649994,46.694286
2013-11-08,350.309998,355,47.842857
2013-11-11,354.380005,362.980011,48.272858
2013-11-12,349.529999,380.040009,47.675713
2013-11-13,356.220001,434.850006,47.897144
2013-11-14,367.399994,433.399994,48.938572
2013-11-15,369.170013,433.920013,49.965714
2013-11-18,366.179993,785.429993,48.824287
2013-11-19,364.940002,645.690002,48.184284
2013-11-20,362.570007,637.969971,48.502857
2013-11-21,368.920013,764.909973,49.785713
2013-11-22,372.309998,802,49.692856
2013-11-25,376.640015,829.98999,50.034286
2013-11-26,381.369995,969.960022,50.742859
2013-11-27,386.709991,1079.890015,51.784286
2013-11-29,393.619995,1206.930054,52.257141
2013-12-02,392.299988,1096.560059,51.988571
2013-12-03,384.660004,1154.859985,51.848572
2013-12-04,385.959991,1237.550049,50.895714
2013-12-05,384.48999,1106.349976,51.151428
2013-12-06,386.950012,845.02002,50.634285
2013-12-09,384.890015,918.950012,50.810001
2013-12-10,387.779999,1033.719971,51.871429
2013-12-11,382.190002,919.929993,51.997143
2013-12-12,381.25,899.97998,53.332859
2013-12-13,384.23999,936.77002,52.709999
2013-12-16,388.970001,759.919983,52.330002
2013-12-17,387.649994,714.969971,53.552856
2013-12-18,395.959991,540.97998,53.748573
2013-12-19,395.190002,731.950012,53.82
2013-12-20,402.200012,649.960022,53.667141
2013-12-23,402.920013,713.23999,54.368572
2013-12-24,399.200012,702.75,54.055714
2013-12-26,404.390015,801.97998,53.847141
2013-12-27,398.079987,803.049988,52.5
2013-12-30,393.369995,804.830017,52.427143
2013-12-31,398.790009,805.940002,52.595715
2014-01-02,397.970001,856.909973,51.831429
2014-01-03,396.440002,884.26001,51.871429
2014-01-06,393.630005,1012.650024,51.367142
2014-01-07,398.029999,879.900024,48.5
2014-01-08,401.920013,938.840027,48.712856
2014-01-09,401.01001,936.950012,48.150002
2014-01-10,397.660004,957.76001,47.44857
2014-01-13,390.980011,922.909973,48.115715
2014-01-14,397.540009,919.280029,48.279999
2014-01-15,395.869995,941.219971,47.197144
2014-01-16,395.799988,913.48999,47.382858
2014-01-17,399.609985,894.159973,47.148571
2014-01-21,407.049988,962.210022,46.958572
2014-01-22,404.540009,950.950012,47.675713
2014-01-23,399.869995,944.159973,55.531429
2014-01-24,387.600006,916.549988,55.154285
2014-01-27,386.279999,943.539978,54.46143
2014-01-28,394.429993,932.679993,58.110001
2014-01-29,384.200012,925.669983,57.202858
2014-01-30,403.01001,941.390015,57.810001
2014-01-31,358.690002,938.849976,58.475716
2014-02-03,346.149994,931.710022,57.76857
2014-02-04,347.950012,926.640015,57.987144
2014-02-05,346.450012,904.52002,57.774284
2014-02-06,354.589996,828.869995,58.272858
2014-02-07,361.079987,695.650024,61.425713
2014-02-10,360.869995,582.630005,61.491428
2014-02-11,361.790009,578.960022,61.998573
2014-02-12,349.25,531.130005,61.275715
2014-02-13,357.200012,451.440002,62.364285
2014-02-14,357.350006,427.679993,62.215714
2014-02-18,353.649994,293.950012,62.407143
2014-02-19,347.380005,261.529999,61.175713
2014-02-20,349.799988,111.919998,62.135715
2014-02-21,346.76001,111.559998,61.747143
2014-02-24,351.779999,174,63.857143
2014-02-25,358.320007,135.779999,64.718575
2014-02-26,359.799988,593.140015,64.112854
2014-02-27,360.130005,596.48999,64.604286
2014-02-28,362.100006,573.940002,63.66143
2014-03-03,359.779999,662.179993,63.655716
2014-03-04,363.899994,661.849976,64.997147
2014-03-05,372.369995,658.299988,64.785713
2014-03-06,372.160004,648.26001,64.358574
2014-03-07,372.059998,616.72998,64.052856
2014-03-10,370.529999,612.969971,62.849998
2014-03-11,368.820007,608.690002,62.497143
2014-03-12,370.640015,619.429993,62.368572
2014-03-13,371.51001,625.039978,61.437141
2014-03-14,373.73999,614.030029,60.64143
2014-03-17,375.040009,606.380005,60.388573
2014-03-18,378.769989,598.929993,60.035713
2014-03-19,373.230011,594.960022,60.012856
2014-03-20,368.970001,565.98999,60.610001
2014-03-21,360.619995,549.599976,57.998573
2014-03-24,351.850006,567.559998,54.128571
2014-03-25,354.709991,562.890015,52.977142
2014-03-26,343.410004,562.450012,53.182858
2014-03-27,338.470001,460.450012,52.025715
2014-03-28,338.290009,482.609985,51.267143
2014-03-31,336.369995,463.450012,50.290001
2014-04-01,342.98999,424.369995,52.098572
2014-04-02,341.959991,436.309998,51.84
2014-04-03,333.619995,444.359985,50.669998
2014-04-04,323,456.630005,48.187141
2014-04-07,317.76001,466.559998,48.285713
2014-04-08,327.070007,457.339996,49.841427
2014-04-09,331.809998,384.630005,50.432858
2014-04-10,317.109985,435.140015,47.818573
2014-04-11,311.730011,437.649994,46.672855
2014-04-14,315.910004,526.429993,47.368572
2014-04-15,316.079987,536.950012,46.610001
2014-04-16,323.679993,502,47.344284
2014-04-17,324.910004,485.519989,49.39143
2014-04-21,330.869995,487.910004,49.784286
2014-04-22,329.320007,487.299988,53.271427
2014-04-23,324.579987,500.290009,50.5
2014-04-24,337.149994,464.48999,49.152859
2014-04-25,303.829987,457.869995,46.011429
2014-04-28,296.579987,446.119995,44.887142
2014-04-29,300.380005,445.630005,45.695713
2014-04-30,304.130005,460.130005,46.005714
2014-05-01,307.890015,453.670013,48.074287
2014-05-02,308.01001,438.649994,48.664288
2014-05-05,310.049988,432.190002,49.197144
2014-05-06,297.380005,446.549988,46.598572
2014-05-07,292.709991,441.109985,45.791428
2014-05-08,288.320007,445.450012,45.951427
2014-05-09,292.23999,451.899994,46.935715
2014-05-12,302.859985,433.920013,49.349998
2014-05-13,304.640015,442.630005,49.591427
2014-05-14,297.619995,448.100006,50.26857
2014-05-15,295.190002,453.630005,49.169998
2014-05-16,297.700012,452.790009,49.982857
2014-05-19,296.76001,484.570007,52.07143
2014-05-20,301.190002,488.839996,53.095715
2014-05-21,305.01001,515.359985,55.799999
2014-05-22,304.910004,518.090027,55.971428
2014-05-23,312.23999,520.460022,57.478573
2014-05-27,310.820007,570.840027,56.972858
2014-05-28,310.160004,564.419983,57.32
2014-05-29,313.779999,612.349976,59.314285
2014-05-30,312.549988,627.909973,59.689999
2014-06-02,308.839996,669.429993,60.294285
2014-06-03,307.190002,638.929993,59.652859
2014-06-04,306.779999,660.179993,60.458572
2014-06-05,323.570007,650.409973,61.192856
2014-06-06,329.670013,651.669983,61.447144
2014-06-09,327.5,655.619995,60.441429
2014-06-10,332.410004,642.950012,61.184284
2014-06-11,335.200012,597.130005,61.42857
2014-06-12,325.910004,610.349976,60.349998
2014-06-13,326.269989,583.419983,61.101429
2014-06-16,327.619995,605.090027,61.465714
2014-06-17,325.619995,606.210022,63.378571
2014-06-18,334.380005,600.169983,64.097145
2014-06-19,327,590.75,63.055714
2014-06-20,324.200012,597.039978,62.882858
2014-06-23,327.23999,588.77002,62.78857
2014-06-24,324.160004,568.450012,62.337143
2014-06-25,327.440002,582.700012,63.458572
2014-06-26,325.690002,602.22998,62.80143
2014-06-27,324.570007,597.559998,63.154285
2014-06-30,324.779999,643.190002,62.942856
2014-07-01,332.390015,645.719971,67.585716
2014-07-02,332.850006,638.030029,66.677139
2014-07-03,337.48999,623.960022,67.478569
2014-07-07,333.549988,615.320007,65.802856
2014-07-08,323.809998,623,63.578571
2014-07-09,329.970001,618.390015,63.285713
2014-07-10,327.920013,632.900024,62.650002
2014-07-11,346.200012,635.900024,62.851429
2014-07-14,355.320007,619.599976,64.654289
2014-07-15,354.440002,614.799988,64.155716
2014-07-16,355.899994,626.580017,63.491428
2014-07-17,352.450012,627.469971,62.765713
2014-07-18,358.660004,627.039978,63.452858
2014-07-21,359.76001,622.530029,64.564285
2014-07-22,360.839996,621.690002,61.584286
2014-07-23,358.140015,601.869995,61.128571
2014-07-24,358.609985,600.5,60.76857
2014-07-25,324.01001,596,60.265713
2014-07-28,320.410004,585.77002,60.665714
2014-07-29,320,564.640015,60.611427
2014-07-30,322.51001,589.52002,62.05143
2014-07-31,312.98999,598.780029,60.388573
2014-08-01,307.059998,591.719971,60.771427
2014-08-04,313.649994,588.76001,60.385715
2014-08-05,312.320007,589.77002,60.407143
2014-08-06,313.890015,592.799988,61.471428
2014-08-07,311.450012,595.849976,64.238571
2014-08-08,316.799988,589.52002,63.692856
2014-08-11,318.329987,567.659973,64.505714
2014-08-12,319.320007,542.099976,63.772858
2014-08-13,326.279999,504.799988,64.504288
2014-08-14,333.209991,496.450012,64.410004
2014-08-15,333.630005,522.01001,65.584282
2014-08-18,334.529999,485.119995,66.571426
2014-08-19,335.130005,516.780029,66.878571
2014-08-20,335.779999,517.940002,67.455711
2014-08-21,332.910004,516.099976,67.435715
2014-08-22,331.589996,497.679993,68.455711
2014-08-25,334.019989,512.559998,68.704285
2014-08-26,341.829987,515.22998,68.480003
2014-08-27,343.179993,510.75,67.814285
2014-08-28,340.019989,512.559998,67.887146
2014-08-29,339.040009,505.959991,68.234283
2014-09-02,342.380005,480.040009,68.085716
2014-09-03,339,490.98999,68.19857
2014-09-04,345.950012,483.649994,67.524284
2014-09-05,346.380005,484.470001,67.954285
2014-09-08,342.339996,474.899994,68.475716
2014-09-09,329.75,479.700012,68.43
2014-09-10,331.329987,478.48999,69.19857
2014-09-11,330.519989,477.730011,68.794289
2014-09-12,331.190002,478.170013,68.078575
2014-09-15,323.890015,466.75,65.39286
2014-09-16,327.76001,461.089996,65.272858
2014-09-17,324,424.26001,64.932854
2014-09-18,325,397.670013,65.572861
2014-09-19,331.320007,411.529999,65.360001
2014-09-22,324.5,436.859985,63.254284
2014-09-23,323.630005,423.769989,63.414288
2014-09-24,328.209991,412.290009,64.365715
2014-09-25,321.929993,404.459991,63.355713
2014-09-26,323.209991,399.019989,64.10714
2014-09-29,321.820007,388.170013,64.222855
2014-09-30,322.440002,382.839996,64.454285
2014-10-01,317.459991,375.140015,62.685715
2014-10-02,318.410004,363.450012,64.28286
2014-10-03,322.73999,335.320007,65.648575
2014-10-06,322.200012,331.649994,66.211426
2014-10-07,316.980011,350.869995,65.178574
2014-10-08,322.700012,360.910004,66.694283
2014-10-09,315.369995,361.709991,65.945717
2014-10-10,311.390015,361.220001,64.582855
2014-10-13,306.450012,397.100006,62.654285
2014-10-14,308.309998,393.170013,64.160004
2014-10-15,305.970001,379.769989,64.084282
2014-10-16,302.859985,380.480011,51.671429
2014-10-17,303.640015,390.880005,51.012856
2014-10-20,306.209991,382.350006,51.317142
2014-10-21,315.329987,378.929993,52.284286
2014-10-22,312.970001,355.779999,53.521427
2014-10-23,313.179993,355.100006,54.720001
2014-10-24,287.059998,346.720001,55.002857
2014-10-27,289.970001,350.089996,54.200001
2014-10-28,295.589996,351.059998,55.174286
2014-10-29,294.119995,335.119995,54.014286
2014-10-30,299.070007,344.859985,54.144287
2014-10-31,305.459991,337.869995,56.110001
2014-11-03,305.720001,324.23999,55.487144
2014-11-04,302.809998,327.959991,54.682858
2014-11-05,296.519989,338.01001,54.34
2014-11-06,296.640015,347.670013,54.757141
2014-11-07,299.859985,341.869995,54.880001
2014-11-10,305.109985,367.149994,55.324287
2014-11-11,312.01001,365.420013,54.650002
2014-11-12,311.51001,432.029999,54.837143
2014-11-13,316.480011,428.720001,54.201427
2014-11-14,327.820007,396.529999,55.148571
2014-11-17,323.049988,384.690002,54.44857
2014-11-18,324.929993,379.160004,54.432858
2014-11-19,326.540009,381.429993,51.871429
2014-11-20,330.540009,357.299988,52.591427
2014-11-21,332.630005,351.769989,51.468571
2014-11-24,335.640015,378.850006,50.924286
2014-11-25,335.040009,376.429993,49.855713
2014-11-26,333.570007,365.350006,50.165714
2014-11-28,338.640015,377.589996,49.512856
2014-12-01,326,378.609985,48.830002
2014-12-02,326.309998,380.640015,50.330002
2014-12-03,316.5,376.959991,50.73143
2014-12-04,316.929993,369.839996,50.085712
2014-12-05,312.630005,377.630005,50.131428
2014-12-08,306.640015,364.950012,48.497143
2014-12-09,312.5,352.190002,49.111427
2014-12-10,305.839996,347.940002,47.759998
2014-12-11,307.359985,347.679993,47.804287
2014-12-12,307.320007,353.399994,47.782856
2014-12-15,306.070007,345.369995,46.720001
2014-12-16,295.059998,330.220001,45.205715
2014-12-17,298.880005,320.019989,47.664288
2014-12-18,297.730011,310.339996,47.774284
2014-12-19,299.899994,317.779999,48.58857
2014-12-22,306.540009,330.839996,48.097141
2014-12-23,306.290009,335.25,48.061428
2014-12-24,303.029999,322.399994,48.871429
2014-12-26,309.089996,329.980011,48.578571
2014-12-29,312.040009,314.119995,48.847141
2014-12-30,310.299988,311.269989,49.032856
2014-12-31,310.350006,318.23999,48.80143
2015-01-02,308.519989,315.209991,49.848572
2015-01-05,302.190002,274.839996,47.311428
2015-01-06,295.290009,282.269989,46.501427
2015-01-07,298.420013,291.339996,46.742859
2015-01-08,300.459991,282.690002,47.779999
2015-01-09,296.929993,287.970001,47.041428
2015-01-12,291.410004,269.329987,45.547142
2015-01-13,294.73999,221.289993,46.255714
2015-01-14,293.269989,164.919998,46.32
2015-01-15,286.950012,209.779999,46.251427
2015-01-16,290.73999,206.919998,48.191429
2015-01-20,289.440002,210.550003,49.828571
2015-01-21,297.25,228.169998,58.468571
2015-01-22,310.320007,232.699997,61.205715
2015-01-23,312.390015,232.169998,62.494286
2015-01-26,309.660004,269.179993,63.794285
2015-01-27,306.75,263.269989,64.881432
2015-01-28,303.910004,236.169998,63.208572
2015-01-29,311.779999,233.990005,63.400002
2015-01-30,354.529999,231.839996,63.114285
2015-02-02,364.470001,238.860001,63.009998
2015-02-03,363.549988,227.410004,65.274284
2015-02-04,364.75,226.580002,64.101425
2015-02-05,373.890015,216.520004,64.129997
2015-02-06,374.279999,222.960007,63.48
2015-02-09,370.559998,220.339996,63.295715
2015-02-10,373,219.669998,64.849998
2015-02-11,375.140015,218.830002,64.984283
2015-02-12,377.170013,221.789993,65.247147
2015-02-13,381.829987,236.169998,66.585716
2015-02-17,375.429993,243.199997,67.137146
2015-02-18,373.369995,235.199997,67.865715
2015-02-19,379,241.919998,67.800003
2015-02-20,383.660004,244.520004,68.314285
2015-02-23,380.140015,238.820007,67.405716
2015-02-24,378.589996,238.889999,67.839996
2015-02-25,385.369995,237.330002,68.332855
2015-02-26,384.799988,236.529999,69.004288
2015-02-27,380.160004,253.470001,67.844284
2015-03-02,385.660004,273.75,68.60714
2015-03-03,384.609985,280.649994,67.815712
2015-03-04,382.720001,271.920013,67.110001
2015-03-05,387.829987,275.230011,66.807144
2015-03-06,380.089996,272.559998,64.874283
2015-03-09,378.559998,290.019989,63.66143
2015-03-10,369.51001,291.369995,62.151428
2015-03-11,366.369995,295.600006,62.884285
2015-03-12,374.23999,293.850006,64.045715
2015-03-13,370.579987,287.209991,62.628571
2015-03-16,373.350006,290.410004,60.281429
2015-03-17,371.920013,285.380005,59.78857
2015-03-18,375.140015,255.919998,60.445713
2015-03-19,373.23999,260.929993,60.744286
2015-03-20,378.48999,261.779999,61.185715
2015-03-23,375.109985,265.459991,60.714287
2015-03-24,374.089996,246.720001,62.611427
2015-03-25,370.959991,246.369995,60.25
2015-03-26,367.350006,248.020004,59.751427
2015-03-27,370.559998,247.210007,59.252857
2015-03-30,374.589996,244.149994,60.367142
2015-03-31,372.100006,246.240005,59.527142
2015-04-01,370.26001,252.600006,59.017143
2015-04-02,372.25,254.479996,59.154285
2015-04-06,377.040009,252.970001,60.330002
2015-04-07,374.410004,244.570007,60.494286
2015-04-08,381.200012,243.320007,63.049999
2015-04-09,383.540009,234.729996,62.785713
2015-04-10,382.649994,236.479996,64.938568
2015-04-13,382.359985,217.990005,67.811432
2015-04-14,385.109985,222.970001,68.387146
2015-04-15,383.450012,227.979996,67.922859
2015-04-16,386.040009,222.589996,80.292854
2015-04-17,375.559998,223.350006,81.650002
2015-04-20,389.51001,233.729996,81.055717
2015-04-21,391.179993,233.779999,80.062859
2015-04-22,389.799988,235.399994,79.668571
2015-04-23,389.98999,231.089996,79.865715
2015-04-24,445.100006,226.139999,79.771431
2015-04-27,438.559998,225.809998,80.868568
2015-04-28,429.309998,225.419998,80.437141
2015-04-29,429.369995,235.770004,80.407143
2015-04-30,421.779999,233.210007,79.5
2015-05-01,422.869995,235.339996,79.575714
2015-05-04,423.040009,235.820007,79.271431
2015-05-05,421.190002,230.029999,80.792854
2015-05-06,419.100006,237.729996,80.077141
2015-05-07,426.880005,243.740005,80.748573
2015-05-08,433.690002,241.399994,82.085716
2015-05-11,432.850006,241.580002,84.278572
2015-05-12,431.019989,236.380005,83.377144
2015-05-13,426.869995,236.899994,82.872856
2015-05-14,432.279999,237.199997,83.835716
2015-05-15,426,236.229996,87.60714
2015-05-18,425.23999,232.020004,88.267143
2015-05-19,421.709991,233.960007,88.068573
2015-05-20,423.859985,235.380005,88.790001
2015-05-21,431.630005,240.369995,89.002853
2015-05-22,427.630005,238.940002,88.83857
2015-05-26,425.470001,237.289993,87.992859
2015-05-27,431.420013,237.320007,89.85714
2015-05-28,426.570007,237.029999,89.507141
2015-05-29,429.230011,233.220001,89.151428
2015-06-01,430.920013,225.740005,89.002853
2015-06-02,430.98999,225.589996,89.129997
2015-06-03,436.589996,224.220001,88.808571
2015-06-04,430.779999,225.289993,89.348572
2015-06-05,426.950012,224.740005,90.459999
2015-06-08,423.5,229.559998,89.604286
2015-06-09,425.480011,228.789993,92.449997
2015-06-10,430.769989,229.880005,95.871429
2015-06-11,432.970001,230.460007,95.094284
2015-06-12,429.920013,232.479996,94.418571
2015-06-15,423.670013,249.820007,93.431427
2015-06-16,427.26001,247.380005,95.272858
2015-06-17,427.809998,248.440002,94.271431
2015-06-18,439.390015,244.130005,94.742859
2015-06-19,434.920013,244.979996,93.871429
2015-06-22,436.290009,243.759995,96.414284
2015-06-23,445.98999,240.559998,97.312859
2015-06-24,440.839996,242.559998,96.944283
2015-06-25,440.100006,242.949997,94.891426
2015-06-26,438.100006,250.729996,93.08857
2015-06-29,429.859985,264.119995,92.23143
2015-06-30,434.089996,257.619995,93.848572
2015-07-01,437.390015,254.880005,93.635712
2015-07-02,437.709991,255.399994,94.044289
2015-07-06,436.040009,266.209991,94.571426
2015-07-07,436.720001,268.640015,94.091431
2015-07-08,429.700012,269.140015,93.507141
2015-07-09,434.390015,283.619995,95.727142
2015-07-10,443.51001,291.970001,97.228569
2015-07-13,455.570007,286.959991,101.087143
2015-07-14,465.570007,283.420013,100.371429
2015-07-15,461.190002,276.589996,98.129997
2015-07-16,475.480011,279.619995,115.809998
2015-07-17,483.01001,274.049988,114.769997
2015-07-20,488.100006,275.089996,110.550003
2015-07-21,488,276.459991,112.510002
2015-07-22,488.269989,275.519989,111.5
2015-07-23,482.179993,288.369995,110.099998
2015-07-24,529.419983,288.73999,109.339996
2015-07-27,531.409973,293.700012,106.43
2015-07-28,526.030029,288.369995,106.900002
2015-07-29,529,287.019989,107.080002
2015-07-30,536.76001,283.730011,111.559998
2015-07-31,536.150024,280.470001,114.309998
2015-08-03,535.030029,284.299988,112.559998
2015-08-04,531.900024,281.720001,121.150002
2015-08-05,537.01001,278,123.709999
2015-08-06,529.460022,277.890015,126.449997
2015-08-07,522.619995,258.600006,123.519997
2015-08-10,524,269.029999,123.029999
2015-08-11,527.460022,267.660004,122.739998
2015-08-12,525.909973,263.440002,120.510002
2015-08-13,529.659973,265.029999,123.730003
2015-08-14,531.52002,260.519989,123.389999
2015-08-17,535.219971,246.720001,125.360001
2015-08-18,535.02002,226,124.050003
2015-08-19,532.919983,234.660004,122.059998
2015-08-20,515.780029,232.399994,112.489998
2015-08-21,494.470001,229.539993,103.959999
2015-08-24,463.369995,220.509995,96.879997
2015-08-25,466.369995,224.970001,101.519997
2015-08-26,500.769989,222.729996,110.129997
2015-08-27,518.369995,231.639999,117.660004
2015-08-28,518.01001,228.5,117.629997
2015-08-31,512.890015,227.179993,115.029999
2015-09-01,496.540009,228.630005,105.790001
2015-09-02,510.549988,226.199997,105.440002
2015-09-03,504.720001,230.25,101.059998
2015-09-04,499,233.669998,98.790001
2015-09-08,517.539978,237.410004,94.949997
2015-09-09,516.890015,238.080002,99.18
2015-09-10,522.23999,239.899994,99.480003
2015-09-11,529.440002,235.600006,97.510002
2015-09-14,521.380005,229.529999,95.690002
2015-09-15,522.369995,228.600006,99.160004
2015-09-16,527.390015,232.720001,104.080002
2015-09-17,538.869995,232.210007,104.209999
2015-09-18,540.26001,231.110001,102.620003
2015-09-21,548.390015,230.009995,100.300003
2015-09-22,538.400024,229.889999,98.470001
2015-09-23,536.070007,233.759995,98.07
2015-09-24,533.75,235.029999,103.760002
2015-09-25,524.25,234.300003,102.239998
2015-09-28,504.059998,236.710007,99.470001
2015-09-29,496.070007,235.929993,98.349998
2015-09-30,511.890015,237.050003,103.260002
2015-10-01,520.719971,236.710007,105.980003
2015-10-02,532.539978,238.580002,106.110001
2015-10-05,543.679993,246.139999,111.25
2015-10-06,537.47998,242.979996,108.330002
2015-10-07,541.940002,242.580002,108.099998
2015-10-08,533.159973,244.039993,114.93
2015-10-09,539.799988,245.350006,113.330002
2015-10-12,550.190002,248.779999,113.449997
2015-10-13,548.900024,252.330002,109.730003
2015-10-14,544.830017,254.440002,110.230003
2015-10-15,562.440002,262.869995,101.089996
2015-10-16,570.76001,269.579987,98.989998
2015-10-19,573.150024,269.75,101.690002
2015-10-20,560.880005,267.109985,98.989998
2015-10-21,555.77002,274.420013,97.959999
2015-10-22,563.909973,276.920013,97.32
2015-10-23,599.030029,282.559998,100.040001
2015-10-26,608.609985,285.149994,103.040001
2015-10-27,611.01001,294.660004,103.07
2015-10-28,617.099976,303.540009,105.800003
2015-10-29,626.549988,313.630005,105.120003
2015-10-30,625.900024,327.119995,108.379997
2015-11-02,628.349976,359.279999,107.639999
2015-11-03,625.309998,396.48999,109.739998
2015-11-04,640.950012,400.890015,114.050003
2015-11-05,655.650024,382.700012,113.5
2015-11-06,659.369995,369.809998,114.059998
2015-11-09,655.48999,380.220001,109.860001
2015-11-10,659.679993,336.690002,112.699997
2015-11-11,673.25,304.709991,112.860001
2015-11-12,665.599976,333.850006,108.919998
2015-11-13,642.349976,333.769989,103.650002
2015-11-16,647.809998,330.209991,111.349998
2015-11-17,643.299988,333.910004,117.099998
2015-11-18,663.539978,335.920013,120.629997
2015-11-19,661.27002,324.980011,120.220001
2015-11-20,668.450012,321.119995,123.839996
2015-11-23,678.98999,322.119995,125.029999
2015-11-24,671.150024,318.350006,123.309998
2015-11-25,675.340027,327.519989,124.160004
2015-11-27,673.26001,359.519989,125.440002
2015-11-30,664.799988,377.970001,123.330002
2015-12-01,679.059998,361.799988,125.370003
2015-12-02,676.01001,359.980011,128.929993
2015-12-03,666.25,360.309998,126.809998
2015-12-04,672.640015,361.670013,130.929993
2015-12-07,669.830017,394.279999,125.360001
2015-12-08,677.330017,410.670013,126.980003
2015-12-09,664.789978,416,124.199997
2015-12-10,662.320007,415.48999,122.910004
2015-12-11,640.150024,449.829987,118.910004
2015-12-14,657.909973,442,120.669998
2015-12-15,658.640015,462.649994,118.599998
2015-12-16,675.77002,453.980011,122.639999
2015-12-17,670.650024,455.529999,122.510002
2015-12-18,664.140015,463.179993,118.019997
2015-12-21,664.51001,437.589996,116.629997
2015-12-22,663.150024,437.029999,116.239998
2015-12-23,663.700012,442.429993,118.160004
2015-12-24,662.789978,452.980011,117.330002
2015-12-28,675.200012,421.76001,117.110001
2015-12-29,693.969971,431.920013,119.120003
2015-12-30,689.070007,427.149994,116.709999
2015-12-31,675.890015,429.950012,114.379997
2016-01-04,636.98999,433.320007,109.959999
2016-01-05,633.789978,431.200012,107.660004
2016-01-06,632.650024,430.820007,117.68
2016-01-07,607.940002,457.049988,114.559998
2016-01-08,607.049988,452.869995,111.389999
2016-01-11,617.73999,447.720001,114.970001
2016-01-12,617.890015,445.040009,116.580002
2016-01-13,581.809998,432.179993,106.559998
2016-01-14,593,429.130005,107.059998
2016-01-15,570.179993,372.26001,104.040001
2016-01-19,574.47998,379.459991,107.889999
2016-01-20,571.77002,414.579987,107.739998
2016-01-21,575.02002,410.23999,102.349998
2016-01-22,596.380005,382.649994,100.720001
2016-01-25,596.530029,392.76001,99.120003
2016-01-26,601.25,389.779999,97.830002
2016-01-27,583.349976,395.019989,91.150002
2016-01-28,635.349976,379.690002,94.410004
2016-01-29,587,380.290009,91.839996
2016-02-01,574.809998,372.179993,94.089996
2016-02-02,552.099976,373.920013,91.489998
2016-02-03,531.070007,368.019989,90.739998
2016-02-04,536.26001,390.649994,89.709999
2016-02-05,502.130005,386.459991,82.790001
2016-02-08,488.100006,372.630005,83.32
2016-02-09,482.070007,375.320007,86.129997
2016-02-10,490.480011,381.880005,88.449997
2016-02-11,503.820007,379.450012,86.349998
2016-02-12,507.079987,384.040009,87.400002
2016-02-16,521.099976,406.420013,89.050003
2016-02-17,534.099976,417.140015,94.760002
2016-02-18,525,421.399994,90.489998
2016-02-19,534.900024,419.980011,89.230003
2016-02-22,559.5,437.790009,91.93
2016-02-23,552.940002,419.899994,89.120003
2016-02-24,554.039978,422.720001,91.610001
2016-02-25,555.150024,423.480011,94.529999
2016-02-26,555.22998,427.320007,94.790001
2016-02-29,552.52002,436.209991,93.410004
2016-03-01,579.039978,434.040009,98.300003
2016-03-02,580.210022,425.359985,97.610001
2016-03-03,577.48999,419.559998,97.93
2016-03-04,575.140015,409.480011,101.580002
2016-03-07,562.799988,414.869995,95.489998
2016-03-08,560.26001,411.899994,96.230003
2016-03-09,559.469971,412.76001,98
2016-03-10,558.929993,415.829987,97.360001
2016-03-11,569.609985,419.109985,97.660004
2016-03-14,573.369995,414.309998,98.129997
2016-03-15,577.02002,415.130005,97.860001
2016-03-16,574.27002,415.910004,99.349998
2016-03-17,559.440002,418.160004,99.720001
2016-03-18,552.080017,408.160004,101.120003
2016-03-21,553.97998,411.109985,101.059998
2016-03-22,560.47998,416.209991,99.839996
2016-03-23,569.630005,416.980011,99.589996
2016-03-24,582.950012,414.73999,98.360001
2016-03-28,579.869995,415,101.209999
2016-03-29,593.859985,412.440002,104.129997
2016-03-30,598.690002,415.660004,102.190002
2016-03-31,593.640015,415.640015,102.230003
2016-04-01,598.5,418.51001,105.699997
2016-04-04,593.190002,422.070007,104.349998
2016-04-05,586.140015,421.26001,104.940002
2016-04-06,602.080017,420.140015,104.830002
2016-04-07,591.429993,417.690002,104.449997
2016-04-08,594.599976,418.049988,103.809998
2016-04-11,595.929993,424.73999,102.68
2016-04-12,603.169983,423.470001,106.980003
2016-04-13,614.820007,424.019989,109.650002
2016-04-14,620.75,428.670013,110.419998
2016-04-15,625.890015,430.049988,111.510002
2016-04-18,635.349976,434.920013,108.400002
2016-04-19,627.900024,441.160004,94.339996
2016-04-20,632.98999,449.339996,96.769997
2016-04-21,631,445.279999,94.980003
2016-04-22,620.5,450.079987,95.900002
2016-04-25,626.200012,466,93.559998
2016-04-26,616.880005,447.01001,92.43
2016-04-27,606.570007,448.480011,91.040001
2016-04-28,602,454.980011,90.279999
2016-04-29,659.590027,448.529999,90.029999
2016-05-02,683.849976,450.269989,93.110001
2016-05-03,671.320007,445.799988,91.540001
2016-05-04,670.900024,448.079987,90.790001
2016-05-05,659.090027,459.559998,89.370003
2016-05-06,673.950012,458.459991,90.839996
2016-05-09,679.75,449.359985,90.540001
2016-05-10,703.070007,452.5,92.889999
2016-05-11,713.22998,454.429993,90.019997
2016-05-12,717.929993,455.410004,87.739998
2016-05-13,709.919983,456.440002,87.879997
2016-05-16,710.659973,453.25,89.120003
2016-05-17,695.27002,454.220001,88.629997
2016-05-18,697.450012,442.660004,90.5
2016-05-19,698.52002,442.109985,89.550003
2016-05-20,702.799988,443.640015,92.489998
2016-05-23,696.75,446.109985,94.889999
2016-05-24,704.200012,449.779999,97.889999
2016-05-25,708.349976,453.299988,100.199997
2016-05-26,714.909973,474.049988,102.809998
2016-05-27,712.23999,524.219971,103.300003
2016-05-31,722.789978,537.400024,102.57
2016-06-01,719.440002,537.099976,101.510002
2016-06-02,728.23999,567.030029,101.25
2016-06-03,725.539978,571.950012,99.589996
2016-06-06,726.72998,575.580017,100.739998
2016-06-07,723.73999,580.51001,99.889999
2016-06-08,726.640015,574.690002,97.860001
2016-06-09,727.650024,577.890015,97.089996
2016-06-10,717.909973,591.599976,93.75
2016-06-13,715.23999,685.140015,93.849998
2016-06-14,719.299988,690.77002,94.120003
2016-06-15,714.26001,761.210022,94.290001
2016-06-16,717.51001,743.900024,95.440002
2016-06-17,706.390015,753.77002,94.449997
2016-06-20,714.01001,667.380005,93.800003
2016-06-21,715.820007,590.559998,90.989998
2016-06-22,710.599976,620.840027,90.010002
2016-06-23,722.080017,656.890015,91.660004
2016-06-24,698.960022,663.52002,88.440002
2016-06-27,691.359985,644.890015,85.330002
2016-06-28,707.950012,636.539978,87.970001
2016-06-29,715.599976,670.02002,91.059998
2016-06-30,715.619995,674.570007,91.480003
2016-07-01,725.679993,698.059998,96.669998
2016-07-05,728.099976,672.700012,97.910004
2016-07-06,737.609985,635.25,94.599998
2016-07-07,736.570007,662.780029,95.099998
2016-07-08,745.809998,651.830017,97.059998
2016-07-11,753.780029,670.559998,94.669998
2016-07-12,748.210022,661.150024,95.970001
2016-07-13,742.630005,657.25,96.43
2016-07-14,741.200012,664.200012,98.019997
2016-07-15,735.440002,660.690002,98.389999
2016-07-18,736.070007,671.099976,98.809998
2016-07-19,739.950012,664.400024,85.839996
2016-07-20,745.719971,664.619995,87.910004
2016-07-21,744.429993,651.109985,85.989998
2016-07-22,744.859985,655.159973,85.889999
2016-07-25,739.609985,654.380005,87.660004
2016-07-26,735.590027,654.539978,91.410004
2016-07-27,736.669983,654.130005,92.040001
2016-07-28,752.609985,655.429993,91.650002
2016-07-29,758.809998,654.73999,91.25
2016-08-01,767.73999,513.429993,94.370003
2016-08-02,760.580017,566.440002,93.559998
2016-08-03,754.640015,576.219971,93.099998
2016-08-04,760.77002,574.659973,93.440002
2016-08-05,765.97998,586.450012,97.029999
2016-08-08,766.559998,585.25,95.110001
2016-08-09,768.309998,590.940002,93.989998
2016-08-10,768.559998,587.840027,93.93
2016-08-11,771.23999,587.140015,95.889999
2016-08-12,772.559998,584.590027,96.589996
2016-08-15,768.48999,580.190002,95.309998
2016-08-16,764.039978,572.340027,95.120003
2016-08-17,764.630005,573.390015,96.370003
2016-08-18,764.460022,574.559998,96.160004
2016-08-19,757.309998,582.609985,95.870003
2016-08-22,759.47998,583.559998,95.260002
2016-08-23,762.450012,579.659973,95.940002
2016-08-24,757.25,577.960022,95.18
2016-08-25,759.219971,579.369995,97.32
2016-08-26,769,570.349976,97.580002
2016-08-29,771.289978,577.320007,97.300003
2016-08-30,767.580017,573.880005,97.449997
2016-08-31,769.159973,571.98999,97.449997
2016-09-01,770.619995,575.289978,97.379997
2016-09-02,772.440002,598.840027,97.379997
2016-09-06,788.869995,613.210022,100.089996
2016-09-07,784.47998,625.570007,99.150002
2016-09-08,784.059998,623.159973,99.660004
2016-09-09,760.140015,624.52002,96.5
2016-09-12,771.48999,608.609985,99.050003
2016-09-13,761.01001,609.539978,96.089996
2016-09-14,761.090027,608.109985,97.010002
2016-09-15,769.690002,607.780029,97.339996
2016-09-16,778.52002,607.080017,99.480003
2016-09-19,775.099976,609.23999,98.059998
2016-09-20,780.219971,597.159973,98.25
2016-09-21,789.73999,595.630005,94.879997
2016-09-22,804.700012,602.919983,95.830002
2016-09-23,805.75,602.590027,95.940002
2016-09-26,799.159973,605.469971,94.559998
2016-09-27,816.109985,604.669983,97.07
2016-09-28,828.719971,604.700012,97.480003
2016-09-29,829.049988,608.140015,96.669998
2016-09-30,837.309998,613.409973,98.550003
2016-10-03,836.73999,608.960022,102.629997
2016-10-04,834.030029,611.820007,102.339996
2016-10-05,844.359985,610.969971,106.279999
2016-10-06,841.659973,616.030029,105.07
2016-10-07,839.429993,617.650024,104.82
2016-10-10,841.710022,640.450012,103.330002
2016-10-11,831,635.98999,100.589996
2016-10-12,834.090027,635.599976,99.5
2016-10-13,829.280029,637.919983,100.230003
2016-10-14,822.960022,637.030029,101.470001
2016-10-17,812.950012,635.340027,99.800003
2016-10-18,817.650024,629.059998,118.790001
2016-10-19,817.690002,628.340027,121.870003
2016-10-20,810.320007,630.450012,123.349998
2016-10-21,818.98999,655.47998,127.5
2016-10-24,838.090027,651,127.330002
2016-10-25,835.179993,674.669983,126.510002
2016-10-26,822.590027,682.299988,126.970001
2016-10-27,818.359985,686.23999,126.470001
2016-10-28,776.320007,714.950012,126.57
2016-10-31,789.820007,698.669983,124.870003
2016-11-01,785.409973,726.76001,123.300003
2016-11-02,765.559998,733.51001,122.339996
2016-11-03,767.030029,684.869995,122.139999
2016-11-04,755.049988,702.080017,122.029999
2016-11-07,784.929993,705.400024,124.580002
2016-11-08,787.75,710.900024,124.339996
2016-11-09,771.880005,721.419983,122.190002
2016-11-10,742.380005,714.570007,115.419998
2016-11-11,739.01001,714.969971,114.779999
2016-11-14,719.070007,704.559998,113.379997
2016-11-15,743.23999,711.099976,113.589996
2016-11-16,746.48999,740.280029,115.190002
2016-11-17,756.400024,737.530029,115.029999
2016-11-18,760.159973,746.960022,115.209999
2016-11-21,780,736.190002,117.959999
2016-11-22,785.330017,749.340027,118.040001
2016-11-23,780.119995,741.070007,117.690002
2016-11-25,780.369995,740.390015,117.410004
2016-11-28,766.77002,733.299988,116.93
2016-11-29,762.52002,732.559998,117.510002
2016-11-30,750.570007,742.48999,117
2016-12-01,743.650024,752.630005,117.220001
2016-12-02,740.340027,770.940002,120.809998
2016-12-05,759.359985,754.340027,119.160004
2016-12-06,764.719971,758.210022,124.57
2016-12-07,770.419983,765.559998,125.389999
2016-12-08,767.330017,768.48999,123.239998
2016-12-09,768.659973,770.47998,122.879997
2016-12-12,760.119995,778.469971,122.830002
2016-12-13,774.340027,778.73999,123.779999
2016-12-14,768.820007,776.5,123.440002
2016-12-15,761,775.210022,125
2016-12-16,757.77002,782.049988,124.220001
2016-12-19,766,789.789978,125.449997
2016-12-20,771.219971,799.099976,125.120003
2016-12-21,770.599976,829.210022,126.5
2016-12-22,766.340027,860.150024,125.580002
2016-12-23,760.590027,917.169983,125.589996
2016-12-27,771.400024,925.780029,128.350006
2016-12-28,772.130005,972.169983,125.889999
2016-12-29,765.150024,971.080017,125.330002
2016-12-30,749.869995,959.039978,123.800003
2017-01-03,753.669983,1033.300049,127.489998
2017-01-04,757.179993,1135.410034,129.410004
2017-01-05,780.450012,989.349976,131.809998
2017-01-06,795.98999,886.159973,131.070007
2017-01-09,796.919983,899.780029,130.949997
2017-01-10,795.900024,904.369995,129.889999
2017-01-11,799.02002,785.429993,130.5
2017-01-12,813.640015,810.109985,129.179993
2017-01-13,817.140015,824.830017,133.699997
2017-01-17,809.719971,899.659973,132.889999
2017-01-18,807.47998,872.030029,133.259995
2017-01-19,809.039978,895.210022,138.410004
2017-01-20,808.330017,892.909973,138.600006
2017-01-23,817.880005,921.460022,137.389999
2017-01-24,822.440002,893.75,140.110001
2017-01-25,836.52002,894.409973,139.520004
2017-01-26,839.150024,915.559998,138.960007
2017-01-27,835.77002,918.01001,142.449997
2017-01-30,830.380005,920.72998,141.220001
2017-01-31,823.47998,965.48999,140.710007
2017-02-01,832.349976,982.429993,140.779999
2017-02-02,839.950012,1003.969971,139.199997
2017-02-03,810.200012,1013.02002,140.25
2017-02-06,807.640015,1024.670044,140.970001
2017-02-07,812.5,1049.560059,144
2017-02-08,819.710022,1055.48999,144.740005
2017-02-09,821.359985,978.960022,144.139999
2017-02-10,827.460022,997.609985,144.820007
2017-02-13,836.530029,995.359985,143.199997
2017-02-14,836.390015,1008.340027,140.820007
2017-02-15,842.700012,1008.190002,142.270004
2017-02-16,844.140015,1031.930054,142.009995
2017-02-17,845.070007,1049.410034,142.220001
2017-02-21,856.440002,1119.030029,142.600006
2017-02-22,855.609985,1120.459961,143.860001
2017-02-23,852.190002,1171.910034,142.779999
2017-02-24,845.23999,1176.48999,143.25
2017-02-27,848.640015,1188.829956,143.410004
2017-02-28,845.039978,1189.27002,142.130005
2017-03-01,853.080017,1222.660034,142.649994
2017-03-02,848.909973,1255.469971,139.529999
2017-03-03,849.880005,1283.300049,139.139999
2017-03-06,846.609985,1277.01001,141.940002
2017-03-07,846.02002,1232.689941,141.429993
2017-03-08,850.5,1146.969971,140.320007
2017-03-09,853,1191.329956,140.529999
2017-03-10,852.460022,1112.390015,140.889999
2017-03-13,854.590027,1238.189941,143.520004
2017-03-14,852.530029,1243.140015,143.190002
2017-03-15,852.969971,1253.430054,145.25
2017-03-16,853.419983,1172.880005,144.389999
2017-03-17,852.309998,1071.709961,145.110001
2017-03-20,856.969971,1047.51001,145.830002
2017-03-21,843.200012,1121.290039,142.419998
2017-03-22,848.059998,1044.719971,142.649994
2017-03-23,847.380005,1035.030029,141.839996
2017-03-24,845.609985,939.700012,142.020004
2017-03-27,846.820007,1044.420044,144.059998
2017-03-28,856,1041.900024,145.169998
2017-03-29,874.320007,1037.910034,146.470001
2017-03-30,876.340027,1079.109985,148.059998
2017-03-31,886.539978,1086.119995,147.809998
2017-04-03,891.51001,1141.77002,146.919998
2017-04-04,906.830017,1129.869995,145.5
2017-04-05,909.280029,1188.699951,143.619995
2017-04-06,898.280029,1190.48999,143.740005
2017-04-07,894.880005,1180.780029,143.110001
2017-04-10,907.039978,1220.73999,143.850006
2017-04-11,902.359985,1212.530029,144.350006
2017-04-12,896.22998,1176.199951,143.830002
2017-04-13,884.669983,1177.329956,142.919998
2017-04-17,901.98999,1206.089966,147.25
2017-04-18,903.780029,1215.199951,143.360001
2017-04-19,899.200012,1238.089966,139.759995
2017-04-20,902.059998,1249.640015,141.179993
2017-04-21,898.530029,1240.890015,142.869995
2017-04-24,907.409973,1264.310059,143.830002
2017-04-25,907.619995,1286.630005,152.160004
2017-04-26,909.289978,1332.910034,150.169998
2017-04-27,918.380005,1329.619995,153.080002
2017-04-28,924.98999,1336.280029,152.199997
2017-05-01,948.22998,1445.930054,155.350006
2017-05-02,946.940002,1485.550049,156.449997
2017-05-03,941.030029,1516.76001,155.589996
2017-05-04,937.530029,1507.77002,157.25
2017-05-05,934.150024,1545.290039,156.600006
2017-05-08,949.039978,1697.5,156.380005
2017-05-09,952.820007,1752.310059,157.460007
2017-05-10,948.950012,1819.290039,160.279999
2017-05-11,947.619995,1686.390015,158.539993
2017-05-12,961.349976,1763.73999,160.809998
2017-05-15,957.969971,1729.339966,160.020004
2017-05-16,966.070007,1801.300049,159.410004
2017-05-17,944.76001,1880.98999,153.199997
2017-05-18,958.48999,1962,155.699997
2017-05-19,959.840027,2040.180054,157.020004
2017-05-22,970.669983,2272.580078,157.160004
2017-05-23,971.539978,2445.280029,157.949997
2017-05-24,980.349976,2307.219971,157.75
2017-05-25,993.380005,2244.889893,163.050003
2017-05-26,995.780029,2052.429932,162.429993
2017-05-30,996.700012,2303.340088,163.220001
2017-05-31,994.619995,2412.649902,163.070007
2017-06-01,995.950012,2492.600098,162.990005
2017-06-02,1006.72998,2545.429932,165.179993
2017-06-05,1011.340027,2870.5,165.059998
2017-06-06,1003,2691.51001,165.169998
2017-06-07,1010.070007,2798.780029,165.610001
2017-06-08,1010.27002,2811.429932,165.880005
2017-06-09,978.309998,2900.25,158.029999
2017-06-12,964.909973,2712.98999,151.440002
2017-06-13,980.789978,2467.27002,152.720001
2017-06-14,976.469971,2442.459961,152.199997
2017-06-15,964.169983,2508.580078,151.759995
2017-06-16,987.710022,2655.100098,152.380005
2017-06-19,995.169983,2754.379883,153.399994
2017-06-20,992.590027,2677.620117,152.050003
2017-06-21,1002.22998,2722.840088,155.029999
2017-06-22,1001.299988,2710.370117,154.889999
2017-06-23,1003.73999,2590.050049,158.020004
2017-06-26,993.97998,2583.75,157.5
2017-06-27,976.780029,2577.73999,151.029999
2017-06-28,990.330017,2558.370117,153.410004
2017-06-29,975.929993,2480.610107,150.089996
2017-06-30,968,2424.610107,149.410004
2017-07-03,953.659973,2617.320068,146.169998
2017-07-05,971.400024,2614.23999,147.610001
2017-07-06,965.140015,2513.879883,146.25
2017-07-07,978.76001,2564.860107,150.179993
2017-07-10,996.469971,2324.290039,152.669998
2017-07-11,994.130005,2403.090088,154.330002
2017-07-12,1006.51001,2362.439941,158.75
2017-07-13,1000.630005,2234.169922,158.210007
2017-07-14,1001.809998,1975.079956,161.119995
2017-07-17,1010.039978,2320.22998,161.699997
2017-07-18,1024.449951,2282.580078,183.600006
2017-07-19,1026.869995,2866.02002,183.860001
2017-07-20,1028.699951,2675.080078,183.600006
2017-07-21,1025.670044,2836.530029,188.539993
2017-07-24,1038.949951,2582.580078,187.910004
2017-07-25,1039.869995,2559.209961,186.970001
2017-07-26,1052.800049,2691.879883,189.080002
2017-07-27,1046,2806.75,182.679993
2017-07-28,1020.039978,2733.5,184.039993
2017-07-31,987.780029,2746.98999,181.660004
2017-08-01,996.190002,2720.530029,182.029999
2017-08-02,995.890015,2809.98999,180.740005
2017-08-03,986.919983,2878.48999,179.229996
2017-08-04,987.580017,3262.800049,180.270004
2017-08-07,992.27002,3429.379883,181.330002
2017-08-08,989.840027,3348.790039,178.360001
2017-08-09,982.01001,3425.669922,175.779999
2017-08-10,956.919983,3654.370117,169.139999
2017-08-11,967.98999,3871.620117,171.399994
2017-08-14,983.299988,4161.660156,171
2017-08-15,982.73999,4387.399902,168.5
2017-08-16,978.179993,4278.919922,169.979996
2017-08-17,960.570007,4105.370117,166.089996
2017-08-18,958.469971,4150.450195,166.539993
2017-08-21,953.289978,4089.699951,166.759995
2017-08-22,966.900024,4141.089844,169.339996
2017-08-23,958,4318.350098,169.059998
2017-08-24,952.450012,4364.410156,168.130005
2017-08-25,945.26001,4352.299805,165.949997
2017-08-28,946.02002,4597.310059,167.119995
2017-08-29,954.059998,4583.02002,168.809998
2017-08-30,967.590027,4735.109863,174.690002
2017-08-31,980.599976,4921.850098,174.710007
2017-09-01,978.25,4573.799805,174.740005
2017-09-05,965.27002,4618.709961,174.520004
2017-09-06,967.799988,4635.600098,179.25
2017-09-07,979.469971,4326.450195,179
2017-09-08,965.900024,4335.129883,176.419998
2017-09-11,977.960022,4158.919922,181.740005
2017-09-12,982.580017,3870.290039,185.149994
2017-09-13,999.599976,3243.080078,183.639999
2017-09-14,992.210022,3713.76001,182.630005
2017-09-15,986.789978,3698.919922,182.350006
2017-09-18,974.190002,3907.959961,184.619995
2017-09-19,969.859985,3882.159912,185.679993
2017-09-20,973.210022,3617.27002,185.509995
2017-09-21,964.650024,3600.830078,188.779999
2017-09-22,955.099976,3788.02002,187.350006
2017-09-25,939.789978,3892.699951,178.550003
2017-09-26,938.599976,4212.200195,179.380005
2017-09-27,950.869995,4195.649902,181.970001
2017-09-28,956.400024,4172.790039,180.699997
2017-09-29,961.349976,4360.620117,181.350006
2017-10-02,959.190002,4314.180176,177.009995
2017-10-03,957.099976,4218.660156,179.190002
2017-10-04,965.450012,4321.439941,184.449997
2017-10-05,980.849976,4371.939941,194.389999
2017-10-06,989.580017,4435.810059,198.020004
2017-10-09,990.98999,4763.359863,196.869995
2017-10-10,987.200012,4824.200195,195.080002
2017-10-11,995,5432.620117,194.949997
2017-10-12,1000.929993,5637.259766,195.860001
2017-10-13,1002.940002,5824.709961,199.490005
2017-10-16,1006.340027,5598.580078,202.679993
2017-10-17,1009.130005,5575.830078,199.479996
2017-10-18,997,5698.649902,195.539993
2017-10-19,986.609985,5993.109863,195.130005
2017-10-20,982.909973,6006.649902,194.160004
2017-10-23,966.299988,5513.080078,192.470001
2017-10-24,975.900024,5734,196.020004
2017-10-25,972.909973,5887.609863,193.770004
2017-10-26,972.429993,5764.560059,195.210007
2017-10-27,1100.949951,5726.609863,199.539993
2017-10-30,1110.849976,6124.279785,198.369995
2017-10-31,1105.280029,6451.240234,196.429993
2017-11-01,1103.680054,6737.779785,198
2017-11-02,1094.219971,7024.810059,199.320007
2017-11-03,1111.599976,7152.120117,200.009995
2017-11-06,1120.660034,6959.22998,200.130005
2017-11-07,1123.170044,7102.75,195.889999
2017-11-08,1132.880005,7444.359863,196.440002
2017-11-09,1129.130005,7129.589844,193.899994
2017-11-10,1125.349976,6565.799805,192.020004
2017-11-13,1129.170044,6522.450195,195.080002
2017-11-14,1136.839966,6597.060059,195.710007
2017-11-15,1126.689941,7283.220215,192.119995
2017-11-16,1137.290039,7853.680176,195.509995
2017-11-17,1129.880005,7699.950195,193.199997
2017-11-20,1126.310059,8244.69043,194.100006
2017-11-21,1139.48999,8099.970215,196.229996
2017-11-22,1156.160034,8234.549805,196.320007
2017-11-24,1186,8200.799805,195.75
2017-11-27,1195.829956,9733.200195,195.050003
2017-11-28,1193.599976,9906.040039,199.179993
2017-11-29,1161.27002,9837.860352,188.149994
2017-11-30,1176.75,9946.759766,187.580002
2017-12-01,1162.349976,10861.46973,186.820007
2017-12-04,1133.949951,11623.91016,184.039993
2017-12-05,1141.569946,11667.12988,184.210007
2017-12-06,1152.349976,13749.57031,185.300003
2017-12-07,1159.790039,16850.31055,185.199997
2017-12-08,1162,16047.61035,188.539993
2017-12-11,1168.920044,16732.4707,186.220001
2017-12-12,1165.079956,17083.90039,185.729996
2017-12-13,1164.130005,16286.82031,187.860001
2017-12-14,1174.26001,16467.91016,189.559998
2017-12-15,1179.140015,17604.84961,190.119995
2017-12-18,1190.579956,18972.32031,190.419998
2017-12-19,1187.380005,17523.69922,187.020004
2017-12-20,1177.619995,16461.9707,188.820007
2017-12-21,1174.76001,15632.12012,188.619995
2017-12-22,1168.359985,13664.96973,189.940002
2017-12-26,1176.76001,15756.55957,187.759995
2017-12-27,1182.26001,15416.63965,186.240005
2017-12-28,1186.099976,14398.7002,192.710007
2017-12-29,1169.469971,14392.57031,191.960007
2018-01-02,1189.01001,14754.12988,201.070007
2018-01-03,1204.199951,15156.62012,205.050003
2018-01-04,1209.589966,15180.08008,205.630005
2018-01-05,1229.140015,16954.7793,209.990005
2018-01-08,1246.869995,14976.16992,212.050003
2018-01-09,1252.699951,14468.5,209.309998
2018-01-10,1254.329956,14919.49023,212.520004
2018-01-11,1276.680054,13308.05957,217.240005
2018-01-12,1305.199951,13841.19043,221.229996
2018-01-16,1304.859985,11282.49023,221.529999
2018-01-17,1295,11162.7002,217.5
2018-01-18,1293.319946,11175.51953,220.330002
2018-01-19,1294.579956,11521.75977,220.460007
2018-01-22,1327.310059,10814.51953,227.580002
2018-01-23,1362.540039,10858.23047,250.289993
2018-01-24,1357.51001,11429.01953,261.299988
2018-01-25,1377.949951,11175.87012,269.700012
2018-01-26,1402.050049,11104.2002,274.600006
2018-01-29,1417.680054,11233.9502,284.589996
2018-01-30,1437.819946,10107.25977,278.799988
2018-01-31,1450.890015,10226.86035,270.299988
2018-02-01,1390,9114.719727,265.070007
2018-02-02,1429.949951,8870.820313,267.429993
2018-02-05,1390,6937.080078,254.259995
2018-02-06,1442.839966,7701.25,265.720001
2018-02-07,1416.780029,7592.720215,264.559998
2018-02-08,1350.5,8260.69043,250.100006
2018-02-09,1339.599976,8696.830078,249.470001
2018-02-12,1386.22998,8911.269531,257.950012
2018-02-13,1414.51001,8544.69043,258.269989
2018-02-14,1451.050049,9485.639648,266
2018-02-15,1461.76001,10033.75,280.269989
2018-02-16,1448.689941,10188.73047,278.519989
2018-02-20,1468.349976,11256.42969,278.549988
2018-02-21,1482.920044,10481.66016,281.040009
2018-02-22,1485.339966,9847.959961,278.140015
2018-02-23,1500,10175.50977,285.929993
2018-02-26,1521.949951,10326.5,294.160004
2018-02-27,1511.97998,10594.75977,290.609985
2018-02-28,1512.449951,10334.44043,291.380005
2018-03-01,1493.449951,10929.37012,290.390015
2018-03-02,1500.25,11043.12012,301.049988
2018-03-05,1523.609985,11440.73047,315
2018-03-06,1537.640015,10735.4502,325.220001
2018-03-07,1545,9928.55957,321.160004
2018-03-08,1551.859985,9316.719727,317
2018-03-09,1578.890015,9252.759766,331.440002
2018-03-12,1598.390015,9142.150391,321.299988
2018-03-13,1588.180054,9160.120117,315.880005
2018-03-14,1591,8217.700195,321.549988
2018-03-15,1582.319946,8268.410156,321.089996
2018-03-16,1571.680054,8283.230469,318.450012
2018-03-19,1544.930054,8623.139648,313.480011
2018-03-20,1586.51001,8920.709961,317.5
2018-03-21,1581.859985,8911.349609,316.480011
2018-03-22,1544.920044,8724.980469,306.700012
2018-03-23,1495.560059,8934.799805,300.940002
2018-03-26,1555.859985,7808.47998,320.350006
2018-03-27,1497.050049,7959.779785,300.690002
2018-03-28,1431.420044,7106.620117,285.769989
2018-03-29,1447.339966,6853.759766,295.350006
2018-04-02,1371.98999,7434.299805,280.290009
2018-04-03,1392.050049,6815.5,283.670013
2018-04-04,1410.569946,6790.450195,288.940002
2018-04-05,1451.75,6634.859863,293.970001
2018-04-06,1405.22998,6917.200195,288.850006
2018-04-09,1406.079956,6871.069824,289.929993
2018-04-10,1436.219971,6977.129883,298.070007
2018-04-11,1427.050049,7927.72998,303.670013
2018-04-12,1448.5,7899.109863,309.25
2018-04-13,1430.790039,8022.509766,311.649994
2018-04-16,1441.5,7921.629883,307.779999
2018-04-17,1503.829956,8189.959961,336.059998
2018-04-18,1527.839966,8301.820313,334.519989
2018-04-19,1556.910034,8877.080078,332.700012
2018-04-20,1527.48999,8935.719727,327.769989
2018-04-23,1517.859985,9655.769531,318.690002
2018-04-24,1460.089966,8873.620117,307.019989
2018-04-25,1460.170044,9282.120117,305.76001
2018-04-26,1517.959961,8938.469727,313.980011
2018-04-27,1572.619995,9351.469727,311.76001
2018-04-30,1566.130005,9077.280273,312.459991
2018-05-01,1582.26001,9232.19043,313.299988
2018-05-02,1569.680054,9745.040039,313.359985
2018-05-03,1572.079956,9699.610352,311.690002
2018-05-04,1580.949951,9845.900391,320.089996
2018-05-07,1600.140015,9196.129883,326.26001
2018-05-08,1592.390015,9321.160156,326.890015
2018-05-09,1608,9032.219727,330.299988
2018-05-10,1609.079956,8421,329.600006
2018-05-11,1602.910034,8486.669922,326.459991
2018-05-14,1601.540039,8480.160156,328.529999
2018-05-15,1576.119995,8344.780273,326.130005
2018-05-16,1587.280029,8071.040039,328.190002
2018-05-17,1581.76001,8247.910156,325.220001
2018-05-18,1574.369995,8249.240234,324.179993
2018-05-21,1585.459961,7992.75,331.820007
2018-05-22,1581.400024,7505.77002,331.619995
2018-05-23,1601.859985,7584.740234,344.720001
2018-05-24,1603.069946,7475.359863,349.290009
2018-05-25,1610.150024,7355.060059,351.290009
2018-05-29,1612.869995,7393.02002,349.730011
2018-05-30,1624.890015,7502.149902,353.540009
2018-05-31,1629.619995,7530.549805,351.600006
2018-06-01,1641.540039,7643.259766,359.929993
2018-06-04,1665.27002,7629.399902,361.809998
2018-06-05,1696.349976,7661.790039,365.799988
2018-06-06,1695.75,7700.109863,367.450012
2018-06-07,1689.300049,7627.52002,361.399994
2018-06-08,1683.98999,7513.689941,360.570007
2018-06-11,1689.119995,6556.939941,361.450012
2018-06-12,1698.75,6310.430176,363.829987
2018-06-13,1704.859985,6643.259766,379.929993
2018-06-14,1723.859985,6396.709961,392.869995
2018-06-15,1715.969971,6503.100098,391.980011
2018-06-18,1723.790039,6741.279785,390.399994
2018-06-19,1734.780029,6761.27002,404.980011
2018-06-20,1750.079956,6720.640137,416.76001
2018-06-21,1730.219971,6051.470215,415.440002
2018-06-22,1715.670044,6166.540039,411.089996
2018-06-25,1663.150024,6088.390137,384.480011
2018-06-26,1691.089966,6141.569824,399.390015
2018-06-27,1660.51001,5871.279785,390.390015
2018-06-28,1701.449951,6203.799805,395.420013
2018-06-29,1699.800049,6385.379883,391.429993
2018-07-02,1713.780029,6509.580078,398.179993
2018-07-03,1693.959961,6590.060059,390.519989
2018-07-05,1699.72998,6602.02002,398.390015
2018-07-06,1710.630005,6758.080078,408.25
2018-07-09,1739.02002,6306.850098,418.970001
2018-07-10,1743.069946,6394.359863,415.630005
2018-07-11,1755,6253.600098,418.649994
2018-07-12,1796.619995,6229.830078,413.5
2018-07-13,1813.030029,6268.75,395.799988
2018-07-16,1822.48999,7326.700195,400.480011
2018-07-17,1843.930054,7383.390137,379.480011
2018-07-18,1842.920044,7477.5,375.130005
2018-07-19,1812.969971,7333.930176,364.230011
2018-07-20,1813.699951,7405.399902,361.049988
2018-07-23,1802,8395.820313,362.660004
2018-07-24,1829.23999,8170.22998,357.320007
2018-07-25,1863.609985,7937.25,362.869995
2018-07-26,1808,8182.890137,363.089996
2018-07-27,1817.27002,8230.870117,355.209991
2018-07-30,1779.219971,7735.299805,334.959991
2018-07-31,1777.439941,7610.899902,337.450012
2018-08-01,1797.170044,7542.339844,338.380005
2018-08-02,1834.329956,7417.600098,344.5
2018-08-03,1823.290039,7017.890137,343.089996
2018-08-06,1847.75,6723.209961,350.920013
2018-08-07,1862.47998,6285.02002,351.829987
2018-08-08,1886.52002,6543.240234,347.609985
2018-08-09,1898.52002,6153.410156,349.359985
2018-08-10,1886.300049,6242.540039,345.869995
2018-08-13,1896.199951,6199.600098,341.309998
2018-08-14,1919.650024,6274.220215,337.48999
2018-08-15,1882.619995,6323.810059,326.399994
2018-08-16,1886.52002,6591.160156,322.440002
2018-08-17,1882.219971,6405.709961,316.779999
2018-08-20,1876.709961,6491.109863,327.730011
2018-08-21,1883.420044,6366.129883,338.019989
2018-08-22,1904.900024,6538.950195,344.440002
2018-08-23,1902.900024,6708.959961,339.170013
2018-08-24,1905.390015,6749.560059,358.820007
2018-08-27,1927.680054,7091.379883,364.579987
2018-08-28,1932.819946,7052,368.48999
2018-08-29,1998.099976,6998.759766,368.040009
2018-08-30,2002.380005,7026.959961,370.980011
2018-08-31,2012.709961,7203.459961,367.679993
2018-09-04,2039.51001,6705.029785,363.600006
2018-09-05,1994.819946,6515.419922,341.179993
2018-09-06,1958.310059,6411.779785,346.459991
2018-09-07,1952.069946,6200.160156,348.679993
2018-09-10,1939.01001,6295.540039,348.410004
2018-09-11,1987.150024,6337.109863,355.929993
2018-09-12,1990,6492,369.950012
2018-09-13,1989.869995,6486.009766,368.149994
2018-09-14,1970.189941,6522.080078,364.559998
2018-09-17,1908.030029,6346.439941,350.350006
2018-09-18,1941.050049,6398.799805,367.649994
2018-09-19,1926.420044,6505.899902,366.959991
2018-09-20,1944.300049,6762.060059,365.359985
2018-09-21,1915.01001,6716.600098,361.190002
2018-09-24,1934.359985,6437.740234,369.609985
2018-09-25,1974.550049,6462.600098,369.429993
2018-09-26,1974.849976,6686.129883,377.880005
2018-09-27,2012.97998,6635.379883,380.709991
2018-09-28,2003,6603.75,374.130005
2018-10-01,2004.359985,6525.470215,381.429993
2018-10-02,1971.310059,6492.259766,377.140015
2018-10-03,1952.76001,6579.790039,377.049988
2018-10-04,1909.420044,6632.870117,363.649994
2018-10-05,1889.650024,6589.939941,351.350006
2018-10-08,1864.420044,6631.790039,349.100006
2018-10-09,1870.319946,6581.069824,355.709991
2018-10-10,1755.25,6209.470215,325.890015
2018-10-11,1719.359985,6250.850098,321.100006
2018-10-12,1788.609985,6267.27002,339.559998
2018-10-15,1760.949951,6583.049805,333.130005
2018-10-16,1819.959961,6574.52002,346.399994
2018-10-17,1831.72998,6488.720215,364.700012
2018-10-18,1770.719971,6469.279785,346.709991
2018-10-19,1764.030029,6490.560059,332.670013
2018-10-22,1789.300049,6470.220215,329.540009
2018-10-23,1768.699951,6476.25,333.160004
2018-10-24,1664.199951,6462.77002,301.829987
2018-10-25,1782.170044,6457.209961,312.869995
2018-10-26,1642.810059,6470.169922,299.829987
2018-10-29,1538.880005,6313.910156,284.839996
2018-10-30,1530.420044,6309.109863,285.809998
2018-10-31,1598.01001,6342.609863,301.779999
2018-11-01,1665.530029,6381.299805,317.380005
2018-11-02,1665.530029,6394.660156,309.100006
2018-11-05,1627.800049,6433.740234,315.440002
2018-11-06,1642.810059,6479.720215,310.839996
2018-11-07,1755.48999,6529.680176,327.5
2018-11-08,1754.910034,6446.060059,317.920013
2018-11-09,1712.430054,6377.990234,303.470001
2018-11-12,1636.849976,6375.080078,294.070007
2018-11-13,1631.170044,6339.169922,294.399994
2018-11-14,1599.01001,5741.470215,286.730011
2018-11-15,1619.439941,5647.5,290.059998
2018-11-16,1593.410034,5586.27002,286.209991
2018-11-19,1512.290039,4809.620117,270.600006
2018-11-20,1495.459961,4441.810059,266.980011
2018-11-21,1516.72998,4593.040039,262.130005
2018-11-23,1502.060059,4343.419922,258.820007
2018-11-26,1581.329956,3784.590088,261.429993
2018-11-27,1581.420044,3822.98999,266.630005
2018-11-28,1677.75,4263.549805,282.649994
2018-11-29,1673.569946,4286.689941,288.75
2018-11-30,1690.170044,4009.669922,286.130005
2018-12-03,1772.359985,3871.409912,290.299988
2018-12-04,1668.400024,3948.439941,275.329987
2018-12-06,1699.189941,3485.179932,282.880005
2018-12-07,1629.130005,3420.570068,265.140015
2018-12-10,1641.030029,3467.159912,269.700012
2018-12-11,1643.23999,3401.02002,265.320007
2018-12-12,1663.540039,3485.590088,274.880005
2018-12-13,1658.380005,3305.110107,276.019989
2018-12-14,1591.910034,3235.47998,266.839996
2018-12-17,1520.910034,3548.189941,262.799988
2018-12-18,1551.47998,3715.850098,270.940002
2018-12-19,1495.079956,3736.540039,266.769989
2018-12-20,1460.829956,4137.660156,260.579987
2018-12-21,1377.449951,3898.810059,246.389999
2018-12-24,1343.959961,4081.949951,233.880005
2018-12-26,1470.900024,3848.780029,253.669998
2018-12-27,1461.640015,3646.090088,255.570007
2018-12-28,1478.02002,3947.860107,256.079987
2018-12-31,1501.969971,3747.389893,267.660004
2019-01-02,1539.130005,3961.01001,267.660004
2019-01-03,1500.280029,3835.860107,271.200012
2019-01-04,1575.390015,3874.060059,297.570007
2019-01-07,1629.51001,4050.399902,315.339996
2019-01-08,1656.579956,4040.75,320.269989
2019-01-09,1659.420044,4048.340088,319.959991
2019-01-10,1656.219971,3668.149902,324.660004
2019-01-11,1640.560059,3669.199951,337.589996
2019-01-14,1617.209961,3703.899902,332.940002
2019-01-15,1674.560059,3621.23999,354.640015
2019-01-16,1683.780029,3643.98999,351.390015
2019-01-17,1693.219971,3685.300049,353.190002
2019-01-18,1696.199951,3648.050049,339.100006
2019-01-22,1632.170044,3602.040039,325.160004
2019-01-23,1640.02002,3572.050049,321.98999
2019-01-24,1654.930054,3598.52002,326.670013
2019-01-25,1670.569946,3582.889893,338.049988
2019-01-28,1637.890015,3453.419922,335.660004
2019-01-29,1593.880005,3418.25,328.899994
2019-01-30,1670.430054,3467.209961,340.660004
2019-01-31,1718.72998,3434.129883,339.5
2019-02-01,1626.22998,3461.629883,339.850006
2019-02-04,1633.310059,3431.23999,351.339996
2019-02-05,1658.810059,3447.659912,355.809998
2019-02-06,1640.26001,3394.889893,352.190002
2019-02-07,1614.369995,3375.330078,344.709991
2019-02-08,1588.219971,3660.030029,347.570007
2019-02-11,1591,3611.340088,345.730011
2019-02-12,1638.01001,3617.409912,359.970001
2019-02-13,1640,3605.870117,351.769989
2019-02-14,1622.650024,3588.719971,359.070007
2019-02-15,1607.949951,3593.48999,356.869995
2019-02-19,1627.579956,3924.23999,361.920013
2019-02-20,1622.099976,3974.050049,359.910004
2019-02-21,1619.439941,3937.040039,356.970001
2019-02-22,1631.560059,3983.530029,363.019989
2019-02-25,1633,3845.51001,363.910004
2019-02-26,1636.400024,3817.879883,364.970001
2019-02-27,1641.089966,3830.719971,362.869995
2019-02-28,1639.829956,3823.370117,358.100006
2019-03-01,1671.72998,3831.47998,357.320007
2019-03-04,1696.170044,3731.280029,351.040009
2019-03-05,1692.430054,3874.179932,354.299988
2019-03-06,1668.949951,3874.97998,359.609985
2019-03-07,1625.949951,3882.610107,352.600006
2019-03-08,1620.800049,3868.02002,349.600006
2019-03-11,1670.619995,3874.889893,358.859985
2019-03-12,1673.099976,3888.570068,356.269989
2019-03-13,1690.810059,3878.439941,361.209991
2019-03-14,1686.219971,3881.439941,358.820007
2019-03-15,1712.359985,3927.080078,361.459991
2019-03-18,1742.150024,3988.850098,363.440002
2019-03-19,1761.849976,4024.139893,358.779999
2019-03-20,1797.27002,4056.75,375.220001
2019-03-21,1819.26001,3996.929932,377.869995
2019-03-22,1764.77002,4000.840088,361.01001
2019-03-25,1774.26001,3924.550049,366.230011
2019-03-26,1783.76001,3942.219971,359.970001
2019-03-27,1765.699951,4045.97998,353.369995
2019-03-28,1773.420044,4036.449951,354.609985
2019-03-29,1780.75,4111.379883,356.559998
2019-04-01,1814.189941,4906.930176,366.959991
2019-04-02,1813.97998,4976.589844,367.720001
2019-04-03,1820.699951,4913.359863,369.75
2019-04-04,1818.859985,5047.22998,367.880005
2019-04-05,1837.280029,5057.25,365.48999
2019-04-08,1849.859985,5201.299805,361.410004
2019-04-09,1835.839966,5318.600098,364.709991
2019-04-10,1847.329956,5048.560059,363.920013
2019-04-11,1844.069946,5081.5,367.649994
2019-04-12,1843.060059,5080.660156,351.140015
2019-04-15,1844.869995,5212.810059,348.869995
2019-04-16,1863.040039,5236.259766,359.459991
2019-04-17,1864.819946,5289.75,354.73999
2019-04-18,1861.689941,5295.529785,360.350006
2019-04-22,1887.310059,5539.100098,377.339996
2019-04-23,1923.77002,5454.580078,381.890015
2019-04-24,1901.75,5162.669922,374.230011
2019-04-25,1902.25,5234.089844,368.329987
2019-04-26,1950.630005,5229.47998,374.850006
2019-04-29,1938.430054,5350.640137,371.829987
2019-04-30,1926.52002,5389.540039,370.540009
2019-05-01,1911.52002,5500.720215,378.809998
2019-05-02,1900.819946,5753.379883,379.059998
2019-05-03,1962.459961,5840.080078,385.029999
2019-05-06,1950.550049,5819.569824,378.670013
2019-05-07,1921,5998.709961,370.459991
2019-05-08,1917.77002,6171.959961,364.369995
2019-05-09,1899.869995,6358.290039,362.75
2019-05-10,1889.97998,7191.359863,361.040009
2019-05-13,1822.680054,7980.129883,345.26001
2019-05-14,1840.119995,8183.830078,345.609985
